jump,c,n_breaks,break_years
1,1.0,6,1936; 1940; 1964; 1974; 1998; 2020
1,1.1,4,1962; 1974; 1998; 2020
1,1.2,3,1962; 1974; 2020
1,1.3,3,1962; 1974; 2020
1,1.4,3,1962; 1974; 2020
1,1.5,3,1962; 1974; 2020
1,1.6,3,1962; 1974; 2020
1,1.7,3,1962; 1974; 2020
1,1.8,3,1962; 1974; 2020
1,1.9,3,1962; 1974; 2020
1,2.0,3,1962; 1974; 2020
1,2.1,3,1962; 1974; 2020
1,2.2,3,1962; 1974; 2020
1,2.3,3,1962; 1974; 2020
1,2.4,3,1962; 1974; 2020
1,2.5,3,1962; 1974; 2020
1,2.6,3,1962; 1974; 2020
1,2.7,3,1962; 1974; 2020
1,2.8,3,1962; 1974; 2020
1,2.9,3,1962; 1974; 2020
1,3.0,3,1962; 1974; 2020
1,3.1,3,1962; 1974; 2020
1,3.2,3,1962; 1974; 2020
1,3.3,3,1962; 1974; 2020
1,3.4,3,1962; 1974; 2020
1,3.5,3,1962; 1974; 2020
1,3.6,0,
1,3.7,0,
1,3.8,0,
1,3.9,0,
1,4.0,0,
1,4.1,0,
1,4.2,0,
1,4.3,0,
1,4.4,0,
1,4.5,0,
1,4.6,0,
1,4.7,0,
1,4.8,0,
1,4.9,0,
1,5.0,0,
1,6.0,0,
1,8.0,0,
1,10.0,0,
1,15.0,0,
1,20.0,0,
1,30.0,0,
5,1.0,4,1960; 1975; 2000; 2020
5,1.1,4,1960; 1975; 2000; 2020
5,1.2,3,1960; 1975; 2020
5,1.3,3,1960; 1975; 2020
5,1.4,3,1960; 1975; 2020
5,1.5,3,1960; 1975; 2020
5,1.6,3,1960; 1975; 2020
5,1.7,3,1960; 1975; 2020
5,1.8,3,1960; 1975; 2020
5,1.9,3,1960; 1975; 2020
5,2.0,3,1960; 1975; 2020
5,2.1,3,1960; 1975; 2020
5,2.2,3,1960; 1975; 2020
5,2.3,3,1960; 1975; 2020
5,2.4,3,1960; 1975; 2020
5,2.5,3,1960; 1975; 2020
5,2.6,3,1960; 1975; 2020
5,2.7,3,1960; 1975; 2020
5,2.8,3,1960; 1975; 2020
5,2.9,2,1975; 2020
5,3.0,2,1975; 2020
5,3.1,0,
5,3.2,0,
5,3.3,0,
5,3.4,0,
5,3.5,0,
5,3.6,0,
5,3.7,0,
5,3.8,0,
5,3.9,0,
5,4.0,0,
5,4.1,0,
5,4.2,0,
5,4.3,0,
5,4.4,0,
5,4.5,0,
5,4.6,0,
5,4.7,0,
5,4.8,0,
5,4.9,0,
5,5.0,0,
5,6.0,0,
5,8.0,0,
5,10.0,0,
5,15.0,0,
5,20.0,0,
5,30.0,0,
