test,segment_start,segment_end,n,break_year,break_index,U,p_mc,p_eq3,mean_before,mean_after,significant,bonferroni_alpha,significant_bonferroni_mc,significant_bonferroni_eq3
1,1900,2025,126,1974,74,1496.0,0.00145,0.002562473610210032,238.90582581233826,307.5753130509589,True,0.005,True,True
2,1900,1973,74,1936,36,644.0,0.0027,0.00467364701833701,284.4492493616455,195.75942455509986,True,0.005,True,True
3,1974,2025,52,1999,99,527.0,0.0,1.7833202046799274e-05,362.96210554682233,256.29124592515933,True,0.005,True,True
4,1900,1935,36,1920,20,128.0,0.17175,0.25745692112134944,255.55210457369571,320.57068034658283,False,0.005,False,False
5,1936,1973,38,1962,62,230.0,0.00205,0.007133833605741255,234.91252598363536,110.92770479327294,True,0.005,True,False
6,1974,1998,25,1986,86,46.0,0.64755,0.9156279846167155,375.0047907777528,351.8457807182712,False,0.005,False,False
7,1999,2025,27,2019,119,120.0,0.0097,0.0290232788439753,291.1096173608934,156.81018468020488,True,0.005,False,False
8,1936,1961,26,1949,49,77.0,0.17085,0.2848195380037901,193.68414379243035,276.1409081748403,False,0.005,False,False
9,1962,1973,12,1967,67,21.0,0.24,0.48659926559031796,142.27121640841378,88.53948221102948,False,0.005,False,False
10,1999,2018,20,2014,114,37.0,0.51175,0.7522323984396606,279.1278981285202,327.0547750580133,False,0.005,False,False
